seed,train_author,epochs_completed,loss_dataset,loss_value
6,wells,0,baum,7.55072021484375
6,wells,0,thompson,8.286241054534912
6,wells,0,dickens,7.344581586974008
6,wells,0,melville,7.8703442149692115
6,wells,0,wells,6.035488446553548
6,wells,0,austen,7.603704452514648
6,wells,0,fitzgerald,7.118530511856079
6,wells,0,twain,7.605225944519043
6,wells,1240,train,3.2065621852874755
6,wells,1240,baum,7.558345198631287
6,wells,1240,thompson,8.271698594093323
6,wells,1240,dickens,7.363009112221854
6,wells,1240,melville,7.888299147288005
6,wells,1240,wells,6.047420104344686
6,wells,1240,austen,7.623642683029175
6,wells,1240,fitzgerald,7.129172921180725
6,wells,1240,twain,7.606005573272705
6,wells,1241,train,3.2051276206970214
6,wells,1241,baum,7.553657531738281
6,wells,1241,thompson,8.31686246395111
6,wells,1241,dickens,7.340662360191345
6,wells,1241,melville,7.87743616104126
6,wells,1241,wells,6.040571411450704
6,wells,1241,austen,7.604593753814697
6,wells,1241,fitzgerald,7.117339730262756
6,wells,1241,twain,7.6133569240570065
6,wells,1242,train,3.195054268836975
6,wells,1242,baum,7.570126295089722
6,wells,1242,thompson,8.325782656669617
6,wells,1242,dickens,7.353879417691912
6,wells,1242,melville,7.887582725948757
6,wells,1242,wells,6.051245331764221
6,wells,1242,austen,7.608753442764282
6,wells,1242,fitzgerald,7.131824851036072
6,wells,1242,twain,7.628252506256103
6,wells,1243,train,3.203469181060791
6,wells,1243,baum,7.564617872238159
6,wells,1243,thompson,8.342933297157288
6,wells,1243,dickens,7.353487355368478
6,wells,1243,melville,7.873938295576307
6,wells,1243,wells,6.042096853256226
6,wells,1243,austen,7.605503797531128
6,wells,1243,fitzgerald,7.1346049308776855
6,wells,1243,twain,7.635045385360717
6,wells,1244,train,3.170785975456238
6,wells,1244,baum,7.58410632610321
6,wells,1244,thompson,8.303000569343567
6,wells,1244,dickens,7.3794869354793
6,wells,1244,melville,7.891863134172228
6,wells,1244,wells,6.046271284421285
6,wells,1244,austen,7.62263035774231
6,wells,1244,fitzgerald,7.144406318664551
6,wells,1244,twain,7.633136081695556
6,wells,1245,train,3.176650214195252
6,wells,1245,baum,7.587941765785217
6,wells,1245,thompson,8.34756314754486
6,wells,1245,dickens,7.375087976455688
6,wells,1245,melville,7.896008067660862
6,wells,1245,wells,6.063328544298808
6,wells,1245,austen,7.619049787521362
6,wells,1245,fitzgerald,7.146307110786438
6,wells,1245,twain,7.638084506988525
6,wells,1246,train,3.176641750335693
6,wells,1246,baum,7.592299103736877
6,wells,1246,thompson,8.350803852081299
6,wells,1246,dickens,7.389962349619184
6,wells,1246,melville,7.917922019958496
6,wells,1246,wells,6.057180047035217
6,wells,1246,austen,7.655651092529297
6,wells,1246,fitzgerald,7.1571284532547
6,wells,1246,twain,7.652127122879028
6,wells,1247,train,3.1598687410354613
6,wells,1247,baum,7.57851767539978
6,wells,1247,thompson,8.30113399028778
6,wells,1247,dickens,7.371597749846322
6,wells,1247,melville,7.89825259314643
6,wells,1247,wells,6.049153049786885
6,wells,1247,austen,7.6414079666137695
6,wells,1247,fitzgerald,7.135723233222961
6,wells,1247,twain,7.629480361938477
6,wells,1248,train,3.184657573699951
6,wells,1248,baum,7.569862961769104
6,wells,1248,thompson,8.27652657032013
6,wells,1248,dickens,7.351665564945766
6,wells,1248,melville,7.897597948710124
6,wells,1248,wells,6.042596777280171
6,wells,1248,austen,7.610976696014404
6,wells,1248,fitzgerald,7.1248321533203125
6,wells,1248,twain,7.591849613189697
6,wells,1249,train,3.1722601413726808
6,wells,1249,baum,7.5757681131362915
6,wells,1249,thompson,8.296379685401917
6,wells,1249,dickens,7.368821910449436
6,wells,1249,melville,7.904187785254584
6,wells,1249,wells,6.047786355018616
6,wells,1249,austen,7.614786386489868
6,wells,1249,fitzgerald,7.141440510749817
6,wells,1249,twain,7.620079708099365
6,wells,1250,train,3.1844009160995483
6,wells,1250,baum,7.565091609954834
6,wells,1250,thompson,8.304221034049988
6,wells,1250,dickens,7.3531879016331265
6,wells,1250,melville,7.882425679100884
6,wells,1250,wells,6.055729190508525
6,wells,1250,austen,7.624454498291016
6,wells,1250,fitzgerald,7.128506422042847
6,wells,1250,twain,7.630408668518067
6,wells,1251,train,3.193733787536621
6,wells,1251,baum,7.5907301902771
6,wells,1251,thompson,8.293261885643005
6,wells,1251,dickens,7.372965097427368
6,wells,1251,melville,7.902665932973226
6,wells,1251,wells,6.055042862892151
6,wells,1251,austen,7.628376483917236
6,wells,1251,fitzgerald,7.149747848510742
6,wells,1251,twain,7.620137929916382
6,wells,1252,train,3.184323477745056
6,wells,1252,baum,7.569572448730469
6,wells,1252,thompson,8.325755834579468
6,wells,1252,dickens,7.365100009100778
6,wells,1252,melville,7.880975935194227
6,wells,1252,wells,6.0406514803568525
6,wells,1252,austen,7.601015567779541
6,wells,1252,fitzgerald,7.131472110748291
6,wells,1252,twain,7.6197274684906
6,wells,1253,train,3.160843348503113
6,wells,1253,baum,7.585826754570007
6,wells,1253,thompson,8.317333102226257
6,wells,1253,dickens,7.37861202444349
6,wells,1253,melville,7.899811956617567
6,wells,1253,wells,6.0443622668584185
6,wells,1253,austen,7.606695175170898
6,wells,1253,fitzgerald,7.144766807556152
6,wells,1253,twain,7.613559198379517
6,wells,1254,train,3.2021874666213987
6,wells,1254,baum,7.591623425483704
6,wells,1254,thompson,8.311165928840637
6,wells,1254,dickens,7.375690034457615
6,wells,1254,melville,7.908420032925076
6,wells,1254,wells,6.05437692006429
6,wells,1254,austen,7.627249240875244
6,wells,1254,fitzgerald,7.147764205932617
6,wells,1254,twain,7.610510492324829
6,wells,1255,train,3.1509312629699706
6,wells,1255,baum,7.580772876739502
6,wells,1255,thompson,8.288780212402344
6,wells,1255,dickens,7.362520967211042
6,wells,1255,melville,7.885390334659153
6,wells,1255,wells,6.050195693969727
6,wells,1255,austen,7.607587099075317
6,wells,1255,fitzgerald,7.1353840827941895
6,wells,1255,twain,7.604088640213012
6,wells,1256,train,3.1740073204040526
6,wells,1256,baum,7.586067080497742
6,wells,1256,thompson,8.333107352256775
6,wells,1256,dickens,7.388074704578945
6,wells,1256,melville,7.894970311058892
6,wells,1256,wells,6.054459730784099
6,wells,1256,austen,7.633141756057739
6,wells,1256,fitzgerald,7.145231127738953
6,wells,1256,twain,7.644508695602417
6,wells,1257,train,3.1689606666564942
6,wells,1257,baum,7.604298830032349
6,wells,1257,thompson,8.315301060676575
6,wells,1257,dickens,7.40092362676348
6,wells,1257,melville,7.921303696102566
6,wells,1257,wells,6.056615074475606
6,wells,1257,austen,7.628484964370727
6,wells,1257,fitzgerald,7.150864243507385
6,wells,1257,twain,7.623871850967407
6,wells,1258,train,3.1683003664016725
6,wells,1258,baum,7.599455595016479
6,wells,1258,thompson,8.314251065254211
6,wells,1258,dickens,7.377120631081717
6,wells,1258,melville,7.91523912217882
6,wells,1258,wells,6.062450210253398
6,wells,1258,austen,7.643972396850586
6,wells,1258,fitzgerald,7.152374386787415
6,wells,1258,twain,7.636176919937133
6,wells,1259,train,3.1347378969192503
6,wells,1259,baum,7.594300866127014
6,wells,1259,thompson,8.33330750465393
6,wells,1259,dickens,7.370663012777056
6,wells,1259,melville,7.9004208246866865
6,wells,1259,wells,6.048207839330037
6,wells,1259,austen,7.626918077468872
6,wells,1259,fitzgerald,7.144805312156677
6,wells,1259,twain,7.609074211120605
6,wells,1260,train,3.180438065528869
6,wells,1260,baum,7.5820616483688354
6,wells,1260,thompson,8.297122240066528
6,wells,1260,dickens,7.367248892784119
6,wells,1260,melville,7.905058648851183
6,wells,1260,wells,6.050352295239766
6,wells,1260,austen,7.644684076309204
6,wells,1260,fitzgerald,7.135581970214844
6,wells,1260,twain,7.605849647521973
6,wells,1261,train,3.157477116584778
6,wells,1261,baum,7.631113767623901
6,wells,1261,thompson,8.280359864234924
6,wells,1261,dickens,7.414788978440421
6,wells,1261,melville,7.933930185106066
6,wells,1261,wells,6.07317320505778
6,wells,1261,austen,7.661637544631958
6,wells,1261,fitzgerald,7.179964661598206
6,wells,1261,twain,7.630757761001587
6,wells,1262,train,3.159310221672058
6,wells,1262,baum,7.6003382205963135
6,wells,1262,thompson,8.286423683166504
6,wells,1262,dickens,7.406005024909973
6,wells,1262,melville,7.91313558154636
6,wells,1262,wells,6.052836298942566
6,wells,1262,austen,7.647327899932861
6,wells,1262,fitzgerald,7.160953879356384
6,wells,1262,twain,7.621955537796021
6,wells,1263,train,3.1488039016723635
6,wells,1263,baum,7.61294162273407
6,wells,1263,thompson,8.293905854225159
6,wells,1263,dickens,7.408045360020229
6,wells,1263,melville,7.926294220818414
6,wells,1263,wells,6.054638981819153
6,wells,1263,austen,7.667672634124756
6,wells,1263,fitzgerald,7.164536952972412
6,wells,1263,twain,7.618813514709473
6,wells,1264,train,3.159004044532776
6,wells,1264,baum,7.618524670600891
6,wells,1264,thompson,8.346125602722168
6,wells,1264,dickens,7.415531992912292
6,wells,1264,melville,7.934660699632433
6,wells,1264,wells,6.073870698610942
6,wells,1264,austen,7.661617755889893
6,wells,1264,fitzgerald,7.182882308959961
6,wells,1264,twain,7.648121404647827
6,wells,1265,train,3.164517426490784
6,wells,1265,baum,7.607448697090149
6,wells,1265,thompson,8.373554468154907
6,wells,1265,dickens,7.398944071360996
6,wells,1265,melville,7.914954768286811
6,wells,1265,wells,6.082030375798543
6,wells,1265,austen,7.633774280548096
6,wells,1265,fitzgerald,7.17842698097229
6,wells,1265,twain,7.674398469924927
6,wells,1266,train,3.155827021598816
6,wells,1266,baum,7.595890402793884
6,wells,1266,thompson,8.309105515480042
6,wells,1266,dickens,7.390444278717041
6,wells,1266,melville,7.902537027994792
6,wells,1266,wells,6.067101796468099
6,wells,1266,austen,7.654405832290649
6,wells,1266,fitzgerald,7.168922305107117
6,wells,1266,twain,7.656482839584351
6,wells,1267,train,3.149975681304932
6,wells,1267,baum,7.6137471199035645
6,wells,1267,thompson,8.309798121452332
6,wells,1267,dickens,7.387511253356934
6,wells,1267,melville,7.917996830410427
6,wells,1267,wells,6.0681107838948565
6,wells,1267,austen,7.669656991958618
6,wells,1267,fitzgerald,7.170723795890808
6,wells,1267,twain,7.640434265136719
6,wells,1268,train,3.1372745037078857
6,wells,1268,baum,7.6261162757873535
6,wells,1268,thompson,8.304620385169983
6,wells,1268,dickens,7.416473473821368
6,wells,1268,melville,7.948322455088298
6,wells,1268,wells,6.072272817293803
6,wells,1268,austen,7.686398029327393
6,wells,1268,fitzgerald,7.195088982582092
6,wells,1268,twain,7.649451351165771
6,wells,1269,train,3.147016286849976
6,wells,1269,baum,7.618858575820923
6,wells,1269,thompson,8.32908022403717
6,wells,1269,dickens,7.403327192578997
6,wells,1269,melville,7.933063242170546
6,wells,1269,wells,6.068336447079976
6,wells,1269,austen,7.679740905761719
6,wells,1269,fitzgerald,7.186020016670227
6,wells,1269,twain,7.663417959213257
6,wells,1270,train,3.122376036643982
6,wells,1270,baum,7.637101650238037
6,wells,1270,thompson,8.307724475860596
6,wells,1270,dickens,7.424337438174656
6,wells,1270,melville,7.948154078589545
6,wells,1270,wells,6.074493805567424
6,wells,1270,austen,7.693049669265747
6,wells,1270,fitzgerald,7.20376455783844
6,wells,1270,twain,7.6752866268157955
6,wells,1271,train,3.1470243453979494
6,wells,1271,baum,7.628341794013977
6,wells,1271,thompson,8.33160412311554
6,wells,1271,dickens,7.417980943407331
6,wells,1271,melville,7.941562228732639
6,wells,1271,wells,6.073671221733093
6,wells,1271,austen,7.678053379058838
6,wells,1271,fitzgerald,7.185244083404541
6,wells,1271,twain,7.657495069503784
6,wells,1272,train,3.1357304573059084
6,wells,1272,baum,7.642204284667969
6,wells,1272,thompson,8.302393794059753
6,wells,1272,dickens,7.425941858972822
6,wells,1272,melville,7.959796905517578
6,wells,1272,wells,6.0786735614140825
6,wells,1272,austen,7.684556722640991
6,wells,1272,fitzgerald,7.196023464202881
6,wells,1272,twain,7.639821863174438
6,wells,1273,train,3.1395829200744627
6,wells,1273,baum,7.635685205459595
6,wells,1273,thompson,8.306361675262451
6,wells,1273,dickens,7.415958523750305
6,wells,1273,melville,7.950944741566976
6,wells,1273,wells,6.079814592997233
6,wells,1273,austen,7.665425062179565
6,wells,1273,fitzgerald,7.198354601860046
6,wells,1273,twain,7.661756753921509
6,wells,1274,train,3.1456286191940306
6,wells,1274,baum,7.632879853248596
6,wells,1274,thompson,8.303801774978638
6,wells,1274,dickens,7.416000621659415
6,wells,1274,melville,7.947961913214789
6,wells,1274,wells,6.078230579694112
6,wells,1274,austen,7.669470548629761
6,wells,1274,fitzgerald,7.194027662277222
6,wells,1274,twain,7.653683280944824
6,wells,1275,train,3.1410823106765746
6,wells,1275,baum,7.647006273269653
6,wells,1275,thompson,8.30320417881012
6,wells,1275,dickens,7.425738504954746
6,wells,1275,melville,7.963195376925999
6,wells,1275,wells,6.083555579185486
6,wells,1275,austen,7.678319931030273
6,wells,1275,fitzgerald,7.201894760131836
6,wells,1275,twain,7.654018306732178
6,wells,1276,train,3.146183538436889
6,wells,1276,baum,7.636702656745911
6,wells,1276,thompson,8.34257686138153
6,wells,1276,dickens,7.425970792770386
6,wells,1276,melville,7.963859293195936
6,wells,1276,wells,6.0910671154658
6,wells,1276,austen,7.663439512252808
6,wells,1276,fitzgerald,7.198032379150391
6,wells,1276,twain,7.671236276626587
6,wells,1277,train,3.146687173843384
6,wells,1277,baum,7.6394944190979
6,wells,1277,thompson,8.32450020313263
6,wells,1277,dickens,7.432292512484959
6,wells,1277,melville,7.958821031782362
6,wells,1277,wells,6.090907375017802
6,wells,1277,austen,7.676823139190674
6,wells,1277,fitzgerald,7.196039915084839
6,wells,1277,twain,7.661268424987793
6,wells,1278,train,3.1450765132904053
6,wells,1278,baum,7.637545943260193
6,wells,1278,thompson,8.333046436309814
6,wells,1278,dickens,7.419352105685642
6,wells,1278,melville,7.945941183302137
6,wells,1278,wells,6.080492218335469
6,wells,1278,austen,7.667493343353271
6,wells,1278,fitzgerald,7.200105428695679
6,wells,1278,twain,7.653491640090943
6,wells,1279,train,3.1538980484008787
6,wells,1279,baum,7.644546270370483
6,wells,1279,thompson,8.290180325508118
6,wells,1279,dickens,7.433527912412371
6,wells,1279,melville,7.950915124681261
6,wells,1279,wells,6.085430860519409
6,wells,1279,austen,7.672719955444336
6,wells,1279,fitzgerald,7.205922245979309
6,wells,1279,twain,7.648560810089111
6,wells,1280,train,3.181709551811218
6,wells,1280,baum,7.646747946739197
6,wells,1280,thompson,8.321677088737488
6,wells,1280,dickens,7.428138068744114
6,wells,1280,melville,7.959355407290989
6,wells,1280,wells,6.081188797950745
6,wells,1280,austen,7.688155651092529
6,wells,1280,fitzgerald,7.210193395614624
6,wells,1280,twain,7.657241582870483
6,wells,1281,train,3.1328909158706666
6,wells,1281,baum,7.644061207771301
6,wells,1281,thompson,8.347318768501282
6,wells,1281,dickens,7.438961386680603
6,wells,1281,melville,7.959952725304498
6,wells,1281,wells,6.085213820139567
6,wells,1281,austen,7.703905344009399
6,wells,1281,fitzgerald,7.209016561508179
6,wells,1281,twain,7.688850021362304
6,wells,1282,train,3.139166569709778
6,wells,1282,baum,7.649699926376343
6,wells,1282,thompson,8.335211873054504
6,wells,1282,dickens,7.42453920841217
6,wells,1282,melville,7.966423564487034
6,wells,1282,wells,6.095343152681987
6,wells,1282,austen,7.685683488845825
6,wells,1282,fitzgerald,7.209935545921326
6,wells,1282,twain,7.685989952087402
6,wells,1283,train,3.1239381074905395
6,wells,1283,baum,7.638689041137695
6,wells,1283,thompson,8.35691785812378
6,wells,1283,dickens,7.42496691431318
6,wells,1283,melville,7.960813522338867
6,wells,1283,wells,6.086949706077576
6,wells,1283,austen,7.685918569564819
6,wells,1283,fitzgerald,7.18857204914093
6,wells,1283,twain,7.677547216415405
6,wells,1284,train,3.1331214189529417
6,wells,1284,baum,7.635566473007202
6,wells,1284,thompson,8.339864730834961
6,wells,1284,dickens,7.432024121284485
6,wells,1284,melville,7.96027660369873
6,wells,1284,wells,6.0795449415842695
6,wells,1284,austen,7.69303035736084
6,wells,1284,fitzgerald,7.1965261697769165
6,wells,1284,twain,7.671753454208374
6,wells,1285,train,3.1468015193939207
6,wells,1285,baum,7.650221824645996
6,wells,1285,thompson,8.335039854049683
6,wells,1285,dickens,7.434543899127415
6,wells,1285,melville,7.972788121965197
6,wells,1285,wells,6.080081741015117
6,wells,1285,austen,7.688352108001709
6,wells,1285,fitzgerald,7.197543740272522
6,wells,1285,twain,7.677092742919922
6,wells,1286,train,3.089823055267334
6,wells,1286,baum,7.63410484790802
6,wells,1286,thompson,8.367856502532959
6,wells,1286,dickens,7.432551945958819
6,wells,1286,melville,7.951439804501003
6,wells,1286,wells,6.0729420979817705
6,wells,1286,austen,7.682004928588867
6,wells,1286,fitzgerald,7.195189595222473
6,wells,1286,twain,7.682954216003418
6,wells,1287,train,3.1293389558792115
6,wells,1287,baum,7.645559787750244
6,wells,1287,thompson,8.367783308029175
6,wells,1287,dickens,7.434602362768991
6,wells,1287,melville,7.952626281314426
6,wells,1287,wells,6.078530669212341
6,wells,1287,austen,7.698427438735962
6,wells,1287,fitzgerald,7.19888174533844
6,wells,1287,twain,7.687654256820679
6,wells,1288,train,3.119323253631592
6,wells,1288,baum,7.653136134147644
6,wells,1288,thompson,8.321495652198792
6,wells,1288,dickens,7.4298311812537055
6,wells,1288,melville,7.967057281070286
6,wells,1288,wells,6.088141282399495
6,wells,1288,austen,7.693214654922485
6,wells,1288,fitzgerald,7.212953686714172
6,wells,1288,twain,7.674387121200562
6,wells,1289,train,3.101230025291443
6,wells,1289,baum,7.621789932250977
6,wells,1289,thompson,8.375647068023682
6,wells,1289,dickens,7.421906300953457
6,wells,1289,melville,7.946165402730306
6,wells,1289,wells,6.06956680615743
6,wells,1289,austen,7.7021565437316895
6,wells,1289,fitzgerald,7.187429666519165
6,wells,1289,twain,7.690962076187134
6,wells,1290,train,3.103547668457032
6,wells,1290,baum,7.644291996955872
6,wells,1290,thompson,8.326904296875
6,wells,1290,dickens,7.454548307827541
6,wells,1290,melville,7.961346891191271
6,wells,1290,wells,6.07913601398468
6,wells,1290,austen,7.691631317138672
6,wells,1290,fitzgerald,7.210873603820801
6,wells,1290,twain,7.670074224472046
6,wells,1291,train,3.135587048530579
6,wells,1291,baum,7.655815601348877
6,wells,1291,thompson,8.31106686592102
6,wells,1291,dickens,7.459908315113613
6,wells,1291,melville,7.975792460971409
6,wells,1291,wells,6.093657890955607
6,wells,1291,austen,7.71196722984314
6,wells,1291,fitzgerald,7.22508430480957
6,wells,1291,twain,7.689961385726929
6,wells,1292,train,3.1300533294677733
6,wells,1292,baum,7.655301451683044
6,wells,1292,thompson,8.329274415969849
6,wells,1292,dickens,7.453682065010071
6,wells,1292,melville,7.974874125586616
6,wells,1292,wells,6.09662659962972
6,wells,1292,austen,7.703633308410644
6,wells,1292,fitzgerald,7.221693754196167
6,wells,1292,twain,7.675747966766357
6,wells,1293,train,3.137748956680298
6,wells,1293,baum,7.664886593818664
6,wells,1293,thompson,8.350931286811829
6,wells,1293,dickens,7.452881421361651
6,wells,1293,melville,7.981566535101996
6,wells,1293,wells,6.099628369013469
6,wells,1293,austen,7.709543228149414
6,wells,1293,fitzgerald,7.221865177154541
6,wells,1293,twain,7.678339290618896
6,wells,1294,train,3.118947172164917
6,wells,1294,baum,7.645529747009277
6,wells,1294,thompson,8.369725346565247
6,wells,1294,dickens,7.423718810081482
6,wells,1294,melville,7.962982283698188
6,wells,1294,wells,6.086767156918843
6,wells,1294,austen,7.69243049621582
6,wells,1294,fitzgerald,7.203696250915527
6,wells,1294,twain,7.689492988586426
6,wells,1295,train,3.123805356025696
6,wells,1295,baum,7.645548224449158
6,wells,1295,thompson,8.35687243938446
6,wells,1295,dickens,7.423875365938459
6,wells,1295,melville,7.95682085884942
6,wells,1295,wells,6.092746376991272
6,wells,1295,austen,7.697465181350708
6,wells,1295,fitzgerald,7.2045944929122925
6,wells,1295,twain,7.681733322143555
6,wells,1296,train,3.0989664077758787
6,wells,1296,baum,7.661777377128601
6,wells,1296,thompson,8.34352731704712
6,wells,1296,dickens,7.437052982194083
6,wells,1296,melville,7.977076636420356
6,wells,1296,wells,6.103284955024719
6,wells,1296,austen,7.688337326049805
6,wells,1296,fitzgerald,7.213524699211121
6,wells,1296,twain,7.678878259658814
6,wells,1297,train,3.113410496711731
6,wells,1297,baum,7.674119353294373
6,wells,1297,thompson,8.384058952331543
6,wells,1297,dickens,7.451754518917629
6,wells,1297,melville,7.991322888268365
6,wells,1297,wells,6.115264614423116
6,wells,1297,austen,7.696184158325195
6,wells,1297,fitzgerald,7.2356343269348145
6,wells,1297,twain,7.698790740966797
6,wells,1298,train,3.1144419431686403
6,wells,1298,baum,7.693846940994263
6,wells,1298,thompson,8.39881706237793
6,wells,1298,dickens,7.457966038158962
6,wells,1298,melville,8.010771327548557
6,wells,1298,wells,6.115644137064616
6,wells,1298,austen,7.708422660827637
6,wells,1298,fitzgerald,7.239088892936706
6,wells,1298,twain,7.701659536361694
6,wells,1299,train,3.112524676322937
6,wells,1299,baum,7.683762311935425
6,wells,1299,thompson,8.350785493850708
6,wells,1299,dickens,7.46548136643001
6,wells,1299,melville,8.0041716893514
6,wells,1299,wells,6.110554973284404
6,wells,1299,austen,7.731814622879028
6,wells,1299,fitzgerald,7.24359655380249
6,wells,1299,twain,7.683256006240844
6,wells,1300,train,3.082435846328736
6,wells,1300,baum,7.6943055391311646
6,wells,1300,thompson,8.377738952636719
6,wells,1300,dickens,7.468788657869611
6,wells,1300,melville,8.009926742977566
6,wells,1300,wells,6.1027525663375854
6,wells,1300,austen,7.738880157470703
6,wells,1300,fitzgerald,7.24397075176239
6,wells,1300,twain,7.695614862442016
6,wells,1301,train,3.125068187713623
6,wells,1301,baum,7.677775740623474
6,wells,1301,thompson,8.384389162063599
6,wells,1301,dickens,7.466657757759094
6,wells,1301,melville,7.990670257144504
6,wells,1301,wells,6.097854455312093
6,wells,1301,austen,7.707491874694824
6,wells,1301,fitzgerald,7.230978846549988
6,wells,1301,twain,7.705119132995605
6,wells,1302,train,3.106177806854248
6,wells,1302,baum,7.6807332038879395
6,wells,1302,thompson,8.40494680404663
6,wells,1302,dickens,7.449233583041599
6,wells,1302,melville,8.00070571899414
6,wells,1302,wells,6.10170312722524
6,wells,1302,austen,7.709160804748535
6,wells,1302,fitzgerald,7.233839273452759
6,wells,1302,twain,7.698482513427734
6,wells,1303,train,3.1149606466293336
6,wells,1303,baum,7.676779985427856
6,wells,1303,thompson,8.417072534561157
6,wells,1303,dickens,7.4424653223582675
6,wells,1303,melville,7.975834899478489
6,wells,1303,wells,6.100273569424947
6,wells,1303,austen,7.713039636611938
6,wells,1303,fitzgerald,7.226927876472473
6,wells,1303,twain,7.714586400985718
6,wells,1304,train,3.097463583946228
6,wells,1304,baum,7.713218212127685
6,wells,1304,thompson,8.34675931930542
6,wells,1304,dickens,7.494472588811602
6,wells,1304,melville,8.027623017628988
6,wells,1304,wells,6.123206853866577
6,wells,1304,austen,7.738873243331909
6,wells,1304,fitzgerald,7.268454194068909
6,wells,1304,twain,7.715167093276977
6,wells,1305,train,3.0778663873672487
6,wells,1305,baum,7.692808151245117
6,wells,1305,thompson,8.371519804000854
6,wells,1305,dickens,7.462677495820182
6,wells,1305,melville,7.987351682451036
6,wells,1305,wells,6.106603542963664
6,wells,1305,austen,7.7219860553741455
6,wells,1305,fitzgerald,7.2490187883377075
6,wells,1305,twain,7.712942361831665
6,wells,1306,train,3.102965784072876
6,wells,1306,baum,7.693622350692749
6,wells,1306,thompson,8.366353869438171
6,wells,1306,dickens,7.466762134007046
6,wells,1306,melville,7.991323841942681
6,wells,1306,wells,6.11476484934489
6,wells,1306,austen,7.721466541290283
6,wells,1306,fitzgerald,7.244372725486755
6,wells,1306,twain,7.706692028045654
6,wells,1307,train,3.0975590467453005
6,wells,1307,baum,7.681558012962341
6,wells,1307,thompson,8.36251425743103
6,wells,1307,dickens,7.451104470661709
6,wells,1307,melville,7.994621965620253
6,wells,1307,wells,6.110719919204712
6,wells,1307,austen,7.721794128417969
6,wells,1307,fitzgerald,7.23439085483551
6,wells,1307,twain,7.697689056396484
6,wells,1308,train,3.0963250160217286
6,wells,1308,baum,7.699512481689453
6,wells,1308,thompson,8.365488171577454
6,wells,1308,dickens,7.485466275896345
6,wells,1308,melville,8.003289646572536
6,wells,1308,wells,6.11554217338562
6,wells,1308,austen,7.748358726501465
6,wells,1308,fitzgerald,7.251217007637024
6,wells,1308,twain,7.723895215988159
6,wells,1309,train,3.0963840007781984
6,wells,1309,baum,7.71018385887146
6,wells,1309,thompson,8.376527905464172
6,wells,1309,dickens,7.481117929731097
6,wells,1309,melville,8.009976069132486
6,wells,1309,wells,6.116992632548015
6,wells,1309,austen,7.733033180236816
6,wells,1309,fitzgerald,7.253931879997253
6,wells,1309,twain,7.720896005630493
6,wells,1310,train,3.1121891736984253
6,wells,1310,baum,7.726172566413879
6,wells,1310,thompson,8.407745957374573
6,wells,1310,dickens,7.4849476984569
6,wells,1310,melville,8.038454373677572
6,wells,1310,wells,6.125826040903728
6,wells,1310,austen,7.735206604003906
6,wells,1310,fitzgerald,7.261848330497742
6,wells,1310,twain,7.733350658416748
6,wells,1311,train,3.097943830490112
6,wells,1311,baum,7.705974817276001
6,wells,1311,thompson,8.385543584823608
6,wells,1311,dickens,7.47108519077301
6,wells,1311,melville,8.013489935133192
6,wells,1311,wells,6.119458834330241
6,wells,1311,austen,7.737128734588623
6,wells,1311,fitzgerald,7.241415023803711
6,wells,1311,twain,7.712795209884644
6,wells,1312,train,3.083300471305847
6,wells,1312,baum,7.710452914237976
6,wells,1312,thompson,8.403669834136963
6,wells,1312,dickens,7.473845652171543
6,wells,1312,melville,8.019525792863634
6,wells,1312,wells,6.13139530022939
6,wells,1312,austen,7.733760118484497
6,wells,1312,fitzgerald,7.261499166488647
6,wells,1312,twain,7.731070518493652
6,wells,1313,train,3.0852795600891114
6,wells,1313,baum,7.693944931030273
6,wells,1313,thompson,8.365199208259583
6,wells,1313,dickens,7.470429692949567
6,wells,1313,melville,8.001529004838732
6,wells,1313,wells,6.117234071095784
6,wells,1313,austen,7.744893789291382
6,wells,1313,fitzgerald,7.246920704841614
6,wells,1313,twain,7.706097221374511
6,wells,1314,train,3.11361141204834
6,wells,1314,baum,7.720231771469116
6,wells,1314,thompson,8.389179229736328
6,wells,1314,dickens,7.499086567333767
6,wells,1314,melville,8.023696846432156
6,wells,1314,wells,6.124315897623698
6,wells,1314,austen,7.759446382522583
6,wells,1314,fitzgerald,7.26575231552124
6,wells,1314,twain,7.718040180206299
6,wells,1315,train,3.0815826416015626
6,wells,1315,baum,7.710508346557617
6,wells,1315,thompson,8.34968638420105
6,wells,1315,dickens,7.50173682825906
6,wells,1315,melville,8.02334255642361
6,wells,1315,wells,6.123388926188151
6,wells,1315,austen,7.768476009368896
6,wells,1315,fitzgerald,7.261760354042053
6,wells,1315,twain,7.712539625167847
6,wells,1316,train,3.07436466217041
6,wells,1316,baum,7.714052796363831
6,wells,1316,thompson,8.37576675415039
6,wells,1316,dickens,7.506610597882952
6,wells,1316,melville,8.020878103044298
6,wells,1316,wells,6.119318048159282
6,wells,1316,austen,7.777690410614014
6,wells,1316,fitzgerald,7.261112213134766
6,wells,1316,twain,7.732179975509643
6,wells,1317,train,3.0834177017211912
6,wells,1317,baum,7.713300347328186
6,wells,1317,thompson,8.365368604660034
6,wells,1317,dickens,7.484532713890076
6,wells,1317,melville,8.01165967517429
6,wells,1317,wells,6.113389054934184
6,wells,1317,austen,7.746657609939575
6,wells,1317,fitzgerald,7.257441639900207
6,wells,1317,twain,7.712722635269165
6,wells,1318,train,3.093901443481445
6,wells,1318,baum,7.7108166217803955
6,wells,1318,thompson,8.384716629981995
6,wells,1318,dickens,7.507935677255903
6,wells,1318,melville,8.023596339755589
6,wells,1318,wells,6.109498023986816
6,wells,1318,austen,7.768002510070801
6,wells,1318,fitzgerald,7.245460987091064
6,wells,1318,twain,7.728884506225586
6,wells,1319,train,3.078853869438172
6,wells,1319,baum,7.731069803237915
6,wells,1319,thompson,8.371610283851624
6,wells,1319,dickens,7.505800468581063
6,wells,1319,melville,8.046233071221245
6,wells,1319,wells,6.119686166445415
6,wells,1319,austen,7.765366077423096
6,wells,1319,fitzgerald,7.261346101760864
6,wells,1319,twain,7.716479110717773
6,wells,1320,train,3.1096710443496702
6,wells,1320,baum,7.729734539985657
6,wells,1320,thompson,8.375262022018433
6,wells,1320,dickens,7.522807172366551
6,wells,1320,melville,8.049452198876274
6,wells,1320,wells,6.129133224487305
6,wells,1320,austen,7.773281097412109
6,wells,1320,fitzgerald,7.2765573263168335
6,wells,1320,twain,7.726699304580689
6,wells,1321,train,3.07083523273468
6,wells,1321,baum,7.704255819320679
6,wells,1321,thompson,8.387786746025085
6,wells,1321,dickens,7.476908939225333
6,wells,1321,melville,8.002231650882297
6,wells,1321,wells,6.107613841692607
6,wells,1321,austen,7.748788118362427
6,wells,1321,fitzgerald,7.247052192687988
6,wells,1321,twain,7.730901622772217
6,wells,1322,train,3.080977249145508
6,wells,1322,baum,7.723095059394836
6,wells,1322,thompson,8.399484157562256
6,wells,1322,dickens,7.503056389944894
6,wells,1322,melville,8.026147630479601
6,wells,1322,wells,6.118113557497661
6,wells,1322,austen,7.751684188842773
6,wells,1322,fitzgerald,7.269854784011841
6,wells,1322,twain,7.737096118927002
6,wells,1323,train,3.093109130859375
6,wells,1323,baum,7.728629469871521
6,wells,1323,thompson,8.386842012405396
6,wells,1323,dickens,7.504197869982038
6,wells,1323,melville,8.044769552018908
6,wells,1323,wells,6.117105960845947
6,wells,1323,austen,7.771857500076294
6,wells,1323,fitzgerald,7.274929761886597
6,wells,1323,twain,7.7319111824035645
6,wells,1324,train,3.0646411895751955
6,wells,1324,baum,7.723564505577087
6,wells,1324,thompson,8.3812016248703
6,wells,1324,dickens,7.494971309389387
6,wells,1324,melville,8.033681392669678
6,wells,1324,wells,6.114985664685567
6,wells,1324,austen,7.766892910003662
6,wells,1324,fitzgerald,7.272512316703796
6,wells,1324,twain,7.732233333587646
6,wells,1325,train,3.0795174837112427
6,wells,1325,baum,7.7398786544799805
6,wells,1325,thompson,8.391520619392395
6,wells,1325,dickens,7.5191032375608176
6,wells,1325,melville,8.037459797329372
6,wells,1325,wells,6.122787197430928
6,wells,1325,austen,7.788261413574219
6,wells,1325,fitzgerald,7.283377647399902
6,wells,1325,twain,7.739166498184204
6,wells,1326,train,3.060590982437134
6,wells,1326,baum,7.754190564155579
6,wells,1326,thompson,8.399744987487793
6,wells,1326,dickens,7.5497185332434515
6,wells,1326,melville,8.064511405097115
6,wells,1326,wells,6.131116112073262
6,wells,1326,austen,7.808748483657837
6,wells,1326,fitzgerald,7.298552870750427
6,wells,1326,twain,7.755060195922852
6,wells,1327,train,3.0788308143615724
6,wells,1327,baum,7.726204752922058
6,wells,1327,thompson,8.43171775341034
6,wells,1327,dickens,7.506032620157514
6,wells,1327,melville,8.0448104540507
6,wells,1327,wells,6.123987197875977
6,wells,1327,austen,7.767165899276733
6,wells,1327,fitzgerald,7.277043461799622
6,wells,1327,twain,7.752363586425782
6,wells,1328,train,3.0802674770355223
6,wells,1328,baum,7.745179772377014
6,wells,1328,thompson,8.413391709327698
6,wells,1328,dickens,7.521755967821393
6,wells,1328,melville,8.050841013590494
6,wells,1328,wells,6.130157272020976
6,wells,1328,austen,7.780373573303223
6,wells,1328,fitzgerald,7.281108140945435
6,wells,1328,twain,7.746070003509521
6,wells,1329,train,3.057689738273621
6,wells,1329,baum,7.7568522691726685
6,wells,1329,thompson,8.407071948051453
6,wells,1329,dickens,7.537739600454058
6,wells,1329,melville,8.047804832458496
6,wells,1329,wells,6.137982805569966
6,wells,1329,austen,7.78310489654541
6,wells,1329,fitzgerald,7.309381127357483
6,wells,1329,twain,7.752554512023925
6,wells,1330,train,3.055446219444275
6,wells,1330,baum,7.745235085487366
6,wells,1330,thompson,8.387239217758179
6,wells,1330,dickens,7.522153053964887
6,wells,1330,melville,8.054156144460043
6,wells,1330,wells,6.130344867706299
6,wells,1330,austen,7.765706300735474
6,wells,1330,fitzgerald,7.287791967391968
6,wells,1330,twain,7.736839294433594
6,wells,1331,train,3.072155475616455
6,wells,1331,baum,7.7457195520401
6,wells,1331,thompson,8.419887661933899
6,wells,1331,dickens,7.526237300464085
6,wells,1331,melville,8.059574551052517
6,wells,1331,wells,6.136655489603679
6,wells,1331,austen,7.78299069404602
6,wells,1331,fitzgerald,7.305393695831299
6,wells,1331,twain,7.7636510848999025
6,wells,1332,train,3.0901243925094604
6,wells,1332,baum,7.74222993850708
6,wells,1332,thompson,8.408528804779053
6,wells,1332,dickens,7.528023481369018
6,wells,1332,melville,8.063523716396755
6,wells,1332,wells,6.125312248865764
6,wells,1332,austen,7.783040761947632
6,wells,1332,fitzgerald,7.2885003089904785
6,wells,1332,twain,7.743396282196045
6,wells,1333,train,3.069100832939148
6,wells,1333,baum,7.736000776290893
6,wells,1333,thompson,8.411611437797546
6,wells,1333,dickens,7.511857305254255
6,wells,1333,melville,8.054896301693386
6,wells,1333,wells,6.123981674512227
6,wells,1333,austen,7.771870851516724
6,wells,1333,fitzgerald,7.28761625289917
6,wells,1333,twain,7.745542430877686
6,wells,1334,train,3.0539323568344114
6,wells,1334,baum,7.726524710655212
6,wells,1334,thompson,8.3812917470932
6,wells,1334,dickens,7.499690209116254
6,wells,1334,melville,8.046610461341011
6,wells,1334,wells,6.127861817677816
6,wells,1334,austen,7.748570680618286
6,wells,1334,fitzgerald,7.280933499336243
6,wells,1334,twain,7.73073706626892
6,wells,1335,train,3.0461291790008547
6,wells,1335,baum,7.741750717163086
6,wells,1335,thompson,8.41346001625061
6,wells,1335,dickens,7.519989149911063
6,wells,1335,melville,8.049553765190971
6,wells,1335,wells,6.141423463821411
6,wells,1335,austen,7.781686782836914
6,wells,1335,fitzgerald,7.293255805969238
6,wells,1335,twain,7.757669734954834
6,wells,1336,train,3.0608948945999144
6,wells,1336,baum,7.745749354362488
6,wells,1336,thompson,8.449662804603577
6,wells,1336,dickens,7.5182498182569235
6,wells,1336,melville,8.060775015089247
6,wells,1336,wells,6.136672258377075
6,wells,1336,austen,7.79571795463562
6,wells,1336,fitzgerald,7.301748394966125
6,wells,1336,twain,7.772208261489868
6,wells,1337,train,3.049197030067444
6,wells,1337,baum,7.74601137638092
6,wells,1337,thompson,8.502426028251648
6,wells,1337,dickens,7.511193054062979
6,wells,1337,melville,8.051047696007622
6,wells,1337,wells,6.138351321220398
6,wells,1337,austen,7.795116662979126
6,wells,1337,fitzgerald,7.292822360992432
6,wells,1337,twain,7.792805051803588
6,wells,1338,train,3.0505067348480224
6,wells,1338,baum,7.770731329917908
6,wells,1338,thompson,8.418752074241638
6,wells,1338,dickens,7.547931568963187
6,wells,1338,melville,8.088360362582737
6,wells,1338,wells,6.153939604759216
6,wells,1338,austen,7.800072908401489
6,wells,1338,fitzgerald,7.312741637229919
6,wells,1338,twain,7.768776035308837
6,wells,1339,train,3.0470932483673097
6,wells,1339,baum,7.784098029136658
6,wells,1339,thompson,8.425622940063477
6,wells,1339,dickens,7.550662364278521
6,wells,1339,melville,8.098652521769205
6,wells,1339,wells,6.155984242757161
6,wells,1339,austen,7.824223279953003
6,wells,1339,fitzgerald,7.325967073440552
6,wells,1339,twain,7.774654769897461
6,wells,1340,train,3.053150606155396
6,wells,1340,baum,7.780349731445312
6,wells,1340,thompson,8.401053309440613
6,wells,1340,dickens,7.557081188474383
6,wells,1340,melville,8.105009608798557
6,wells,1340,wells,6.150075753529866
6,wells,1340,austen,7.821160316467285
6,wells,1340,fitzgerald,7.328440070152283
6,wells,1340,twain,7.763695096969604
6,wells,1341,train,3.032289004325867
6,wells,1341,baum,7.7564486265182495
6,wells,1341,thompson,8.41091001033783
6,wells,1341,dickens,7.523064477103097
6,wells,1341,melville,8.069838417900932
6,wells,1341,wells,6.142611900965373
6,wells,1341,austen,7.780917167663574
6,wells,1341,fitzgerald,7.310861706733704
6,wells,1341,twain,7.75318660736084
6,wells,1342,train,3.045580768585205
6,wells,1342,baum,7.768405079841614
6,wells,1342,thompson,8.408785462379456
6,wells,1342,dickens,7.553363731929234
6,wells,1342,melville,8.071336322360569
6,wells,1342,wells,6.150226632754008
6,wells,1342,austen,7.792453289031982
6,wells,1342,fitzgerald,7.323570370674133
6,wells,1342,twain,7.763906860351563
6,wells,1343,train,3.0484150409698487
6,wells,1343,baum,7.790119409561157
6,wells,1343,thompson,8.440649390220642
6,wells,1343,dickens,7.5883497680936545
6,wells,1343,melville,8.11035770840115
6,wells,1343,wells,6.154731035232544
6,wells,1343,austen,7.862900257110596
6,wells,1343,fitzgerald,7.340406894683838
6,wells,1343,twain,7.8008363246917725
6,wells,1344,train,3.0457992553710938
6,wells,1344,baum,7.775518894195557
6,wells,1344,thompson,8.42553174495697
6,wells,1344,dickens,7.545885613986424
6,wells,1344,melville,8.084177917904324
6,wells,1344,wells,6.150378108024597
6,wells,1344,austen,7.814791202545166
6,wells,1344,fitzgerald,7.32280170917511
6,wells,1344,twain,7.765874576568604
6,wells,1345,train,3.032650589942932
6,wells,1345,baum,7.746910095214844
6,wells,1345,thompson,8.426178097724915
6,wells,1345,dickens,7.52853216443743
6,wells,1345,melville,8.070506307813856
6,wells,1345,wells,6.14570152759552
6,wells,1345,austen,7.8047332763671875
6,wells,1345,fitzgerald,7.303480505943298
6,wells,1345,twain,7.770260334014893
6,wells,1346,train,3.038838005065918
6,wells,1346,baum,7.749005436897278
6,wells,1346,thompson,8.442946791648865
6,wells,1346,dickens,7.515420266560146
6,wells,1346,melville,8.065501266055637
6,wells,1346,wells,6.141955216725667
6,wells,1346,austen,7.808460235595703
6,wells,1346,fitzgerald,7.297548532485962
6,wells,1346,twain,7.77671709060669
6,wells,1347,train,3.022072672843933
6,wells,1347,baum,7.787120938301086
6,wells,1347,thompson,8.434709310531616
6,wells,1347,dickens,7.562241622379848
6,wells,1347,melville,8.104037337832981
6,wells,1347,wells,6.15836747487386
6,wells,1347,austen,7.825625896453857
6,wells,1347,fitzgerald,7.333791732788086
6,wells,1347,twain,7.789931440353394
6,wells,1348,train,3.035745000839233
6,wells,1348,baum,7.794993877410889
6,wells,1348,thompson,8.426107287406921
6,wells,1348,dickens,7.567601765905108
6,wells,1348,melville,8.110076957278782
6,wells,1348,wells,6.15864344437917
6,wells,1348,austen,7.826954126358032
6,wells,1348,fitzgerald,7.329081654548645
6,wells,1348,twain,7.78813419342041
6,wells,1349,train,3.0491546630859374
6,wells,1349,baum,7.770738840103149
6,wells,1349,thompson,8.409526348114014
6,wells,1349,dickens,7.547025493213108
6,wells,1349,melville,8.084921412997776
6,wells,1349,wells,6.155511180559794
6,wells,1349,austen,7.826770544052124
6,wells,1349,fitzgerald,7.3183863162994385
6,wells,1349,twain,7.774920606613159
6,wells,1350,train,3.0242296695709228
6,wells,1350,baum,7.794295907020569
6,wells,1350,thompson,8.402114748954773
6,wells,1350,dickens,7.577247772897993
6,wells,1350,melville,8.111742549472385
6,wells,1350,wells,6.15664537747701
6,wells,1350,austen,7.828065633773804
6,wells,1350,fitzgerald,7.330023765563965
6,wells,1350,twain,7.777771425247193
6,wells,1351,train,3.040077829360962
6,wells,1351,baum,7.791994452476501
6,wells,1351,thompson,8.452778577804565
6,wells,1351,dickens,7.568149021693638
6,wells,1351,melville,8.102680895063612
6,wells,1351,wells,6.160128394762675
6,wells,1351,austen,7.812325954437256
6,wells,1351,fitzgerald,7.336923122406006
6,wells,1351,twain,7.78979754447937
6,wells,1352,train,3.0366559505462645
6,wells,1352,baum,7.783093214035034
6,wells,1352,thompson,8.435057282447815
6,wells,1352,dickens,7.5705326795578
6,wells,1352,melville,8.101937770843506
6,wells,1352,wells,6.1582956711451216
6,wells,1352,austen,7.838695049285889
6,wells,1352,fitzgerald,7.319216012954712
6,wells,1352,twain,7.788350200653076
6,wells,1353,train,3.0192445278167725
6,wells,1353,baum,7.764045596122742
6,wells,1353,thompson,8.445113062858582
6,wells,1353,dickens,7.565397841589792
6,wells,1353,melville,8.081794420878092
6,wells,1353,wells,6.155103921890259
6,wells,1353,austen,7.826997756958008
6,wells,1353,fitzgerald,7.323161721229553
6,wells,1353,twain,7.799053621292114
6,wells,1354,train,3.0162562131881714
6,wells,1354,baum,7.780274748802185
6,wells,1354,thompson,8.46610176563263
6,wells,1354,dickens,7.5658917256764
6,wells,1354,melville,8.070830610063341
6,wells,1354,wells,6.14957857131958
6,wells,1354,austen,7.825552463531494
6,wells,1354,fitzgerald,7.323996901512146
6,wells,1354,twain,7.809696674346924
6,wells,1355,train,3.042226219177246
6,wells,1355,baum,7.780869722366333
6,wells,1355,thompson,8.477453470230103
6,wells,1355,dickens,7.573723588671003
6,wells,1355,melville,8.08201683892144
6,wells,1355,wells,6.155186772346497
6,wells,1355,austen,7.837456226348877
6,wells,1355,fitzgerald,7.327081084251404
6,wells,1355,twain,7.824124145507812
6,wells,1356,train,3.0281058073043825
6,wells,1356,baum,7.79189658164978
6,wells,1356,thompson,8.423501014709473
6,wells,1356,dickens,7.582775490624564
6,wells,1356,melville,8.102932771046957
6,wells,1356,wells,6.158091425895691
6,wells,1356,austen,7.83603572845459
6,wells,1356,fitzgerald,7.331406235694885
6,wells,1356,twain,7.789654731750488
6,wells,1357,train,3.003433012962341
6,wells,1357,baum,7.776406407356262
6,wells,1357,thompson,8.453846454620361
6,wells,1357,dickens,7.583263431276594
6,wells,1357,melville,8.089610841539171
6,wells,1357,wells,6.162579377492269
6,wells,1357,austen,7.828421592712402
6,wells,1357,fitzgerald,7.337157487869263
6,wells,1357,twain,7.820066261291504
6,wells,1358,train,3.0085304975509644
6,wells,1358,baum,7.782580018043518
6,wells,1358,thompson,8.442523837089539
6,wells,1358,dickens,7.583859051976885
6,wells,1358,melville,8.08351723353068
6,wells,1358,wells,6.1666553020477295
6,wells,1358,austen,7.855769634246826
6,wells,1358,fitzgerald,7.327194809913635
6,wells,1358,twain,7.808283615112304
6,wells,1359,train,3.019930672645569
6,wells,1359,baum,7.7813345193862915
6,wells,1359,thompson,8.47842788696289
6,wells,1359,dickens,7.5661060980388095
6,wells,1359,melville,8.079598479800755
6,wells,1359,wells,6.157409469286601
6,wells,1359,austen,7.839496612548828
6,wells,1359,fitzgerald,7.328285694122314
6,wells,1359,twain,7.801864767074585
6,wells,1360,train,3.0218281745910645
6,wells,1360,baum,7.798979640007019
6,wells,1360,thompson,8.415676355361938
6,wells,1360,dickens,7.5969769443784445
6,wells,1360,melville,8.1113723648919
6,wells,1360,wells,6.162634015083313
6,wells,1360,austen,7.848288297653198
6,wells,1360,fitzgerald,7.347767233848572
6,wells,1360,twain,7.78596076965332
6,wells,1361,train,3.014121580123901
6,wells,1361,baum,7.77752673625946
6,wells,1361,thompson,8.449497103691101
6,wells,1361,dickens,7.565510596547808
6,wells,1361,melville,8.101904233296713
6,wells,1361,wells,6.15599803129832
6,wells,1361,austen,7.838552951812744
6,wells,1361,fitzgerald,7.325451850891113
6,wells,1361,twain,7.792154932022095
6,wells,1362,train,3.017651891708374
6,wells,1362,baum,7.7747979164123535
6,wells,1362,thompson,8.472188234329224
6,wells,1362,dickens,7.554068599428449
6,wells,1362,melville,8.086758242713081
6,wells,1362,wells,6.1571822961171465
6,wells,1362,austen,7.842407464981079
6,wells,1362,fitzgerald,7.313575267791748
6,wells,1362,twain,7.811466312408447
6,wells,1363,train,3.0047148704528808
6,wells,1363,baum,7.806052803993225
6,wells,1363,thompson,8.487026929855347
6,wells,1363,dickens,7.58522583757128
6,wells,1363,melville,8.118994924757216
6,wells,1363,wells,6.170877774556478
6,wells,1363,austen,7.847964525222778
6,wells,1363,fitzgerald,7.344519853591919
6,wells,1363,twain,7.811488723754882
6,wells,1364,train,3.012793707847595
6,wells,1364,baum,7.811761498451233
6,wells,1364,thompson,8.47595489025116
6,wells,1364,dickens,7.595705645424979
6,wells,1364,melville,8.114677747090658
6,wells,1364,wells,6.1683381001154585
6,wells,1364,austen,7.859940052032471
6,wells,1364,fitzgerald,7.347994923591614
6,wells,1364,twain,7.806788444519043
6,wells,1365,train,3.0064250230789185
6,wells,1365,baum,7.829918742179871
6,wells,1365,thompson,8.48105800151825
6,wells,1365,dickens,7.596393295696804
6,wells,1365,melville,8.128272851308187
6,wells,1365,wells,6.181555867195129
6,wells,1365,austen,7.85317325592041
6,wells,1365,fitzgerald,7.372653961181641
6,wells,1365,twain,7.810650587081909
6,wells,1366,train,3.039378380775452
6,wells,1366,baum,7.806867957115173
6,wells,1366,thompson,8.465784311294556
6,wells,1366,dickens,7.597898415156773
6,wells,1366,melville,8.11930513381958
6,wells,1366,wells,6.167191584904988
6,wells,1366,austen,7.852578401565552
6,wells,1366,fitzgerald,7.358606100082397
6,wells,1366,twain,7.812469387054444
6,wells,1367,train,3.00258355140686
6,wells,1367,baum,7.847294807434082
6,wells,1367,thompson,8.463994860649109
6,wells,1367,dickens,7.619554792131696
6,wells,1367,melville,8.14459662967258
6,wells,1367,wells,6.177009344100952
6,wells,1367,austen,7.883793830871582
6,wells,1367,fitzgerald,7.376168966293335
6,wells,1367,twain,7.826564502716065
6,wells,1368,train,3.0198500394821166
6,wells,1368,baum,7.801495671272278
6,wells,1368,thompson,8.480748534202576
6,wells,1368,dickens,7.573994176728385
6,wells,1368,melville,8.104433483547634
6,wells,1368,wells,6.162176132202148
6,wells,1368,austen,7.862626791000366
6,wells,1368,fitzgerald,7.352477192878723
6,wells,1368,twain,7.825296068191529
6,wells,1369,train,3.00956814289093
6,wells,1369,baum,7.806257843971252
6,wells,1369,thompson,8.446866393089294
6,wells,1369,dickens,7.579522269112723
6,wells,1369,melville,8.118746439615885
6,wells,1369,wells,6.159131288528442
6,wells,1369,austen,7.863806486129761
6,wells,1369,fitzgerald,7.353118062019348
6,wells,1369,twain,7.805753231048584
6,wells,1370,train,3.0200428485870363
6,wells,1370,baum,7.821281790733337
6,wells,1370,thompson,8.47445011138916
6,wells,1370,dickens,7.604668940816607
6,wells,1370,melville,8.12443134519789
6,wells,1370,wells,6.162750800450643
6,wells,1370,austen,7.866110563278198
6,wells,1370,fitzgerald,7.357531428337097
6,wells,1370,twain,7.81976351737976
6,wells,1371,train,3.001070022583008
6,wells,1371,baum,7.811702966690063
6,wells,1371,thompson,8.474953055381775
6,wells,1371,dickens,7.59595114844186
6,wells,1371,melville,8.12704414791531
6,wells,1371,wells,6.157234072685242
6,wells,1371,austen,7.861166954040527
6,wells,1371,fitzgerald,7.355659484863281
6,wells,1371,twain,7.807422208786011
6,wells,1372,train,3.004402279853821
6,wells,1372,baum,7.821904063224792
6,wells,1372,thompson,8.51306927204132
6,wells,1372,dickens,7.607023460524423
6,wells,1372,melville,8.13537989722358
6,wells,1372,wells,6.172410090764363
6,wells,1372,austen,7.882213592529297
6,wells,1372,fitzgerald,7.359578847885132
6,wells,1372,twain,7.838602781295776
6,wells,1373,train,3.010128259658813
6,wells,1373,baum,7.776546359062195
6,wells,1373,thompson,8.516671776771545
6,wells,1373,dickens,7.563205174037388
6,wells,1373,melville,8.08287164900038
6,wells,1373,wells,6.150885820388794
6,wells,1373,austen,7.84089183807373
6,wells,1373,fitzgerald,7.318669319152832
6,wells,1373,twain,7.82483925819397
6,wells,1374,train,2.9985015392303467
6,wells,1374,baum,7.796939849853516
6,wells,1374,thompson,8.493903398513794
6,wells,1374,dickens,7.582780173846653
6,wells,1374,melville,8.107751369476318
6,wells,1374,wells,6.173022508621216
6,wells,1374,austen,7.8519227504730225
6,wells,1374,fitzgerald,7.355930924415588
6,wells,1374,twain,7.826773452758789
